t,event_type,Proposed (ACO+Repair)_cost,FACI-DVRP (ACO+Fuzzy+Repair)_cost,GA+Fuzzy+Repair_cost,Full Re-opt (NN)_cost,Static_cost,Proposed (ACO+Repair)_ms,FACI-DVRP (ACO+Fuzzy+Repair)_ms,GA+Fuzzy+Repair_ms,Full Re-opt (NN)_ms,Static_ms,Proposed (ACO+Repair)_accepted,FACI-DVRP (ACO+Fuzzy+Repair)_accepted,GA+Fuzzy+Repair_accepted,Full Re-opt (NN)_accepted,Static_accepted,Proposed (ACO+Repair)_stability,FACI-DVRP (ACO+Fuzzy+Repair)_stability,GA+Fuzzy+Repair_stability,Full Re-opt (NN)_stability,Static_stability
0,new_customer,953.58,986.37,1794.91,873.07,889.23,50.298,35.602,35.864,1.791,0.0,1,1,1,1,0,1.0,1.0,1.0,0.929,1.0
1,new_customer,954.18,1020.0,1831.49,849.9,889.23,50.762,35.817,35.373,1.835,0.0,1,1,1,1,0,1.0,1.0,1.0,0.986,1.0
2,new_customer,1042.58,1020.0,1883.06,849.9,889.23,50.389,35.905,35.305,1.947,0.0,1,1,1,1,0,1.0,1.0,1.0,1.0,1.0
3,new_customer,1042.97,1028.73,1892.99,850.29,889.23,51.054,35.81,35.743,2.063,0.0,1,1,1,1,0,1.0,1.0,1.0,1.0,1.0
4,new_customer,1043.67,1028.74,1894.4,851.06,889.23,50.869,35.318,35.58,2.014,0.0,1,1,1,1,0,1.0,1.0,1.0,1.0,1.0
5,new_customer,1046.43,1029.08,1901.87,1005.16,889.23,50.669,35.814,35.645,1.994,0.0,1,1,1,1,0,1.0,1.0,1.0,0.64,1.0
6,new_customer,1067.42,1050.06,1901.99,851.79,889.23,50.795,35.327,35.856,2.028,0.0,1,1,1,1,0,1.0,1.0,1.0,0.632,1.0
7,new_customer,1115.13,1097.77,1949.7,1052.79,889.23,50.503,35.345,35.401,2.09,0.0,1,1,1,1,0,1.0,1.0,1.0,0.753,1.0
8,new_customer,1154.55,1137.19,1989.12,1096.07,889.23,50.507,35.619,35.405,2.123,0.0,1,1,1,1,0,1.0,1.0,1.0,0.846,1.0
9,new_customer,1188.37,1171.02,2022.95,1096.07,889.23,50.734,35.791,35.469,2.171,0.0,1,1,1,1,0,1.0,1.0,1.0,1.0,1.0
10,traffic_delay,1183.78,1168.01,2022.95,1096.07,889.23,0.992,0.914,0.753,2.622,0.0,1,1,1,1,0,1.0,1.0,1.0,1.0,1.0
11,new_customer,1183.91,1168.14,2023.08,1078.57,889.23,50.344,35.626,35.562,2.47,0.0,1,1,1,1,0,1.0,1.0,1.0,0.963,1.0
12,new_customer,1223.05,1207.29,2062.23,1106.16,889.23,50.502,35.535,35.628,2.519,0.0,1,1,1,1,0,1.0,1.0,1.0,0.704,1.0
13,new_customer,1223.07,1207.3,2062.24,1086.32,889.23,50.437,35.869,35.383,2.733,0.0,1,1,1,1,0,1.0,1.0,1.0,0.902,1.0
14,new_customer,1223.29,1207.52,2062.46,1141.97,889.23,50.46,35.729,35.872,2.82,0.0,1,1,1,1,0,1.0,1.0,1.0,0.771,1.0
15,new_customer,1241.21,1225.44,2080.38,1069.46,889.23,50.429,35.562,35.896,2.842,0.0,1,1,1,1,0,1.0,1.0,1.0,0.774,1.0
16,weather_disruption,1527.87,1465.35,2265.34,1390.3,1155.99,3.147,3.453,3.157,2.882,0.0,1,1,1,1,0,1.0,1.0,1.0,1.0,1.0
17,new_customer,1527.91,1465.39,2265.38,1441.44,1155.99,50.405,35.935,35.523,2.906,0.0,1,1,1,1,0,1.0,1.0,1.0,0.776,1.0
18,new_customer,1570.98,1508.46,2308.45,1375.5,1155.99,51.099,35.656,35.426,2.973,0.0,1,1,1,1,0,1.0,1.0,1.0,0.977,1.0
19,new_customer,1575.25,1512.73,2312.72,1371.59,1155.99,50.846,36.379,35.599,3.066,0.0,1,1,1,1,0,1.0,1.0,1.0,1.0,1.0
20,new_customer,1620.55,1558.03,2358.02,1398.69,1155.99,50.564,35.945,35.671,3.101,0.0,1,1,1,1,0,1.0,1.0,1.0,0.864,1.0
21,new_customer,1772.71,1710.19,2510.18,1518.62,1155.99,50.485,35.486,35.35,3.165,0.0,1,1,1,1,0,1.0,1.0,1.0,0.989,1.0
22,new_customer,1777.97,1715.46,2515.45,1499.66,1155.99,50.584,36.949,36.737,3.202,0.0,1,1,1,1,0,1.0,1.0,1.0,0.967,1.0
23,new_customer,1871.88,1809.36,2609.35,1635.69,1155.99,50.663,35.61,35.496,3.21,0.0,1,1,1,1,0,1.0,1.0,1.0,0.934,1.0
24,new_customer,1882.54,1820.03,2620.02,1644.04,1155.99,50.502,35.371,35.496,3.386,0.0,1,1,1,1,0,1.0,1.0,1.0,0.957,1.0
25,new_customer,1895.72,1833.21,2633.2,1664.33,1155.99,50.498,35.502,35.352,3.442,0.0,1,1,1,1,0,1.0,1.0,1.0,0.935,1.0
26,new_customer,1926.93,1864.41,2664.4,1631.88,1155.99,50.928,35.502,35.457,3.541,0.0,1,1,1,1,0,1.0,1.0,1.0,0.894,1.0
27,new_customer,1931.27,1868.75,2668.74,1708.7,1155.99,50.361,36.322,35.613,3.488,0.0,1,1,1,1,0,1.0,1.0,1.0,0.947,1.0
28,new_customer,1942.73,1880.22,2680.21,1547.87,1155.99,50.8,35.422,35.528,3.653,0.0,1,1,1,1,0,1.0,1.0,1.0,0.958,1.0
29,new_customer,1954.77,1892.26,2692.25,1558.59,1155.99,51.004,35.893,35.424,3.735,0.0,1,1,1,1,0,1.0,1.0,1.0,0.835,1.0
30,new_customer,1955.1,1892.58,2692.57,1568.28,1155.99,50.867,35.648,35.532,3.794,0.0,1,1,1,1,0,1.0,1.0,1.0,0.888,1.0
31,new_customer,2047.02,1984.51,2784.5,1666.07,1155.99,50.525,35.572,35.624,3.878,0.0,1,1,1,1,0,1.0,1.0,1.0,0.97,1.0
